"species","component","formula","RMSE","AIC","AUC","Rsq","deviance","converged"
"Pacific cod","binomial","present ~ s(temp_bottom5m, k = 3) + s(oxygen_bottom5m, k = 3) +      s(depth_m, k = 3) + s(phi, k = 3) + s(X, Y, k = 20, by = cold_pool_0C)",0.368166242378845,11315.5320968202,0.816295836222279,0.237492770835014,0.221520434336492,TRUE
"Pacific cod","binomial","present ~ s(temp_bottom5m, k = 3) + s(depth_m, k = 3) + s(phi,      k = 3) + s(X, Y, k = 20, by = cold_pool_0C)",0.368234497696541,11344.4301513068,0.814933006958734,0.234831937847732,0.219413119226323,TRUE
"Pacific cod","binomial","present ~ s(temp_bottom5m, k = 3) + s(oxygen_bottom5m, k = 3) +      s(depth_m, k = 3) + s(X, Y, k = 20, by = cold_pool_0C)",0.368494222069097,11342.4096582405,0.816395370269768,0.234929123430852,0.219502726816221,TRUE
"Pacific cod","binomial","present ~ s(temp_bottom5m, k = 3) + s(depth_m, k = 3) + s(X,      Y, k = 20, by = cold_pool_0C)",0.368734854646971,11402.3485811422,0.814872645579512,0.229244737834193,0.215206223462122,TRUE
"Pacific cod","binomial","present ~ s(oxygen_bottom5m, k = 3) + s(depth_m, k = 3) + s(X,      Y, k = 20, by = cold_pool_0C)",0.368897543487983,11398.8485868227,0.815673087250569,0.229039830274666,0.215538123725326,TRUE
"Pacific cod","binomial","present ~ s(oxygen_bottom5m, k = 3) + s(depth_m, k = 3) + s(phi,      k = 3) + s(X, Y, k = 20, by = cold_pool_0C)",0.368934321893082,11386.1309977662,0.815110419631064,0.230383017663928,0.216556306453889,TRUE
"Pacific cod","binomial","present ~ s(temp_bottom5m, k = 3) + s(pH_bottom5m, k = 3) + s(depth_m,      k = 3) + s(phi, k = 3) + s(X, Y, k = 20, by = cold_pool_0C)",0.369147411991124,11345.0926335925,0.815033412201387,0.234928204603634,0.219499155959837,TRUE
"Pacific cod","binomial","present ~ s(depth_m, k = 3) + s(X, Y, k = 20, by = cold_pool_0C)",0.369279816793656,11451.3667555977,0.814288229195019,0.224307966351447,0.21163665302183,TRUE
"Pacific cod","binomial","present ~ s(depth_m, k = 3) + s(phi, k = 3) + s(X, Y, k = 20,      by = cold_pool_0C)",0.369365983748335,11422.3594726348,0.813385888803885,0.227345340602709,0.213781628450695,TRUE
"Pacific cod","binomial","present ~ s(oxygen_bottom5m, k = 3) + s(pH_bottom5m, k = 3) +      s(depth_m, k = 3) + s(phi, k = 3) + s(X, Y, k = 20, by = cold_pool_0C)",0.369707421721159,11363.8801727754,0.816534170327864,0.232620379006352,0.218367411272793,TRUE
"Pacific cod","binomial","present ~ s(oxygen_bottom5m, k = 3) + s(pH_bottom5m, k = 3) +      s(depth_m, k = 3) + s(X, Y, k = 20, by = cold_pool_0C)",0.369715252865562,11379.2900516699,0.817054802780706,0.231002099260324,0.217160480010934,TRUE
"Pacific cod","binomial","present ~ s(temp_bottom5m, k = 3) + s(pH_bottom5m, k = 3) + s(depth_m,      k = 3) + s(X, Y, k = 20, by = cold_pool_0C)",0.369992892779288,11395.9040917877,0.814902452899767,0.230232816521208,0.215776957804022,TRUE
"Pacific cod","binomial","present ~ s(temp_bottom5m, k = 3) + s(oxygen_bottom5m, k = 3) +      s(pH_bottom5m, k = 3) + s(depth_m, k = 3) + s(phi, k = 3) +      s(X, Y, k = 20, by = cold_pool_0C)",0.370010931284105,11269.1024623841,0.817982998999743,0.242423655186614,0.225039405233476,TRUE
"Pacific cod","binomial","present ~ s(temp_bottom5m, k = 3) + s(oxygen_bottom5m, k = 3) +      s(pH_bottom5m, k = 3) + s(depth_m, k = 3) + s(X, Y, k = 20,      by = cold_pool_0C)",0.370037025438139,11293.950067446,0.81809774784849,0.239659399932898,0.223103862216924,TRUE
"Pacific cod","binomial","present ~ s(pH_bottom5m, k = 3) + s(depth_m, k = 3) + s(phi,      k = 3) + s(X, Y, k = 20, by = cold_pool_0C)",0.370099346546041,11421.7717832486,0.813482124755396,0.227659028906056,0.213959783521728,TRUE
"Pacific cod","binomial","present ~ s(oxygen_bottom5m, k = 3) + s(depth_m, k = 3) + s(X,      Y, k = 20, by = cold_pool_2C)",0.37011099264007,11322.308634045,0.817087192572339,0.234256999163311,0.220759653537871,TRUE
"Pacific cod","binomial","present ~ s(oxygen_bottom5m, k = 3) + s(depth_m, k = 3) + s(phi,      k = 3) + s(X, Y, k = 20, by = cold_pool_2C)",0.370115253519739,11299.7376634473,0.817201412481165,0.236575090348196,0.222517658076128,TRUE
"Pacific cod","binomial","present ~ s(oxygen_bottom5m, k = 3) + s(pH_bottom5m, k = 3) +      s(depth_m, k = 3) + s(phi, k = 3) + s(X, Y, k = 20, by = cold_pool_2C)",0.370240242013913,11267.5584673189,0.818728617603693,0.239486379921799,0.225013434187744,TRUE
"Pacific cod","binomial","present ~ s(pH_bottom5m, k = 3) + s(depth_m, k = 3) + s(X, Y,      k = 20, by = cold_pool_0C)",0.370272766224135,11447.3595417853,0.814307675515645,0.225070404449691,0.212124163273288,TRUE
"Pacific cod","binomial","present ~ s(oxygen_bottom5m, k = 3) + s(pH_bottom5m, k = 3) +      s(depth_m, k = 3) + s(X, Y, k = 20, by = cold_pool_2C)",0.370374800105792,11293.6080790351,0.818449555124189,0.236879589372262,0.223002298469032,TRUE
"Pacific cod","binomial","present ~ s(temp_bottom5m, k = 3) + s(oxygen_bottom5m, k = 3) +      s(depth_m, k = 3) + s(phi, k = 3) + s(X, Y, k = 20, by = cold_pool_2C)",0.370595117725585,11282.774143646,0.817322913092433,0.238958459625025,0.223787006803992,TRUE
"Pacific cod","binomial","present ~ s(depth_m, k = 3) + s(X, Y, k = 20, by = cold_pool_2C)",0.370601203379564,11394.4809762193,0.814754474178335,0.22808124733272,0.215440808521157,TRUE
"Pacific cod","binomial","present ~ s(depth_m, k = 3) + s(phi, k = 3) + s(X, Y, k = 20,      by = cold_pool_2C)",0.370607455108776,11349.5971872622,0.815299624552221,0.232628228223141,0.218802422584967,TRUE
"Pacific cod","binomial","present ~ s(temp_bottom5m, k = 3) + s(oxygen_bottom5m, k = 3) +      s(depth_m, k = 3) + s(X, Y, k = 20, by = cold_pool_2C)",0.370667357304943,11309.4835377266,0.817881100279666,0.235576602167795,0.221803360577953,TRUE
"Pacific cod","binomial","present ~ s(temp_bottom5m, k = 3) + s(depth_m, k = 3) + s(phi,      k = 3) + s(X, Y, k = 20, by = cold_pool_2C)",0.370781845308927,11319.9806260166,0.81571135760956,0.236143247395535,0.221013624350935,TRUE
"Pacific cod","binomial","present ~ s(temp_bottom5m, k = 3) + s(depth_m, k = 3) + s(X,      Y, k = 20, by = cold_pool_2C)",0.370897801154636,11378.7362721464,0.815928814145322,0.22947794014354,0.216682838304246,TRUE
"Pacific cod","binomial","present ~ s(temp_bottom5m, k = 3) + s(oxygen_bottom5m, k = 3) +      s(pH_bottom5m, k = 3) + s(depth_m, k = 3) + s(phi, k = 3) +      s(X, Y, k = 20, by = cold_pool_2C)",0.371163936034333,11235.0269160995,0.819085527593925,0.243945746602355,0.227426746072574,TRUE
"Pacific cod","binomial","present ~ s(temp_bottom5m, k = 3) + s(oxygen_bottom5m, k = 3) +      s(pH_bottom5m, k = 3) + s(depth_m, k = 3) + s(X, Y, k = 20,      by = cold_pool_2C)",0.37139464986832,11264.0860758057,0.819631984760556,0.240073354012209,0.225245944775011,TRUE
"Pacific cod","binomial","present ~ s(pH_bottom5m, k = 3) + s(depth_m, k = 3) + s(phi,      k = 3) + s(X, Y, k = 20, by = cold_pool_2C)",0.37176040544185,11350.6285083493,0.815233693746773,0.232684142836192,0.218867704136618,TRUE
"Pacific cod","binomial","present ~ s(temp_bottom5m, k = 3) + s(pH_bottom5m, k = 3) + s(depth_m,      k = 3) + s(phi, k = 3) + s(X, Y, k = 20, by = cold_pool_2C)",0.372089919514158,11321.5713587044,0.81569486712967,0.236121943588312,0.221027907428989,TRUE
"Pacific cod","binomial","present ~ s(pH_bottom5m, k = 3) + s(depth_m, k = 3) + s(X, Y,      k = 20, by = cold_pool_2C)",0.372159007842281,11389.8430435389,0.814761288169083,0.228749598613851,0.21596979792833,TRUE
"Pacific cod","binomial","present ~ s(temp_bottom5m, k = 3) + s(pH_bottom5m, k = 3) + s(depth_m,      k = 3) + s(X, Y, k = 20, by = cold_pool_2C)",0.372777470893853,11374.913029371,0.815913817142856,0.230020176434057,0.217183274617047,TRUE
"Pacific cod","binomial","present ~ s(temp_bottom5m, k = 3) + s(pH_bottom5m, k = 3) + s(phi,      k = 3) + s(X, Y, k = 20, by = cold_pool_0C)",0.37398748407182,11589.7705697327,0.805501665911838,0.214998432018928,0.202468129949388,TRUE
"Pacific cod","binomial","present ~ s(temp_bottom5m, k = 3) + s(phi, k = 3) + s(X, Y, k = 20,      by = cold_pool_0C)",0.374320512482434,11651.5641650457,0.803825673100941,0.210446717344358,0.197941039255799,TRUE
"Pacific cod","binomial","present ~ s(oxygen_bottom5m, k = 3) + s(pH_bottom5m, k = 3) +      s(phi, k = 3) + s(X, Y, k = 20, by = cold_pool_2C)",0.374656235791678,11473.1271738631,0.810637610316643,0.222421969935869,0.210543709580632,TRUE
"Pacific cod","binomial","present ~ s(phi, k = 3) + s(X, Y, k = 20, by = cold_pool_2C)",0.374761680054693,11569.7113789689,0.807223707609977,0.214150635280325,0.203321906504796,TRUE
"Pacific cod","binomial","present ~ s(oxygen_bottom5m, k = 3) + s(phi, k = 3) + s(X, Y,      k = 20, by = cold_pool_2C)",0.374942634569568,11533.5737418272,0.80819820162916,0.217489096659921,0.206091359077063,TRUE
"Pacific cod","binomial","present ~ s(temp_bottom5m, k = 3) + s(phi, k = 3) + s(X, Y, k = 20,      by = cold_pool_2C)",0.375264424441535,11543.9089286877,0.807887278297943,0.217225705326361,0.205365280406052,TRUE
"Pacific cod","binomial","present ~ s(temp_bottom5m, k = 3) + s(oxygen_bottom5m, k = 3) +      s(phi, k = 3) + s(X, Y, k = 20, by = cold_pool_0C)",0.375356532019588,11634.656657742,0.804340798355781,0.211650501166099,0.199485080225922,TRUE
"Pacific cod","binomial","present ~ s(pH_bottom5m, k = 3) + s(phi, k = 3) + s(X, Y, k = 20,      by = cold_pool_2C)",0.375650282700521,11546.3091828718,0.808398140919303,0.216033518323086,0.20507718001728,TRUE
"Pacific cod","binomial","present ~ s(oxygen_bottom5m, k = 3) + s(pH_bottom5m, k = 3) +      s(X, Y, k = 20, by = cold_pool_2C)",0.375841340439314,11566.304818706,0.808256073879341,0.213595593201278,0.203957583833633,TRUE
"Pacific cod","binomial","present ~ s(oxygen_bottom5m, k = 3) + s(phi, k = 3) + s(X, Y,      k = 20, by = cold_pool_0C)",0.375953868952897,11719.2187804428,0.801718376455627,0.203242771687956,0.193258733097077,TRUE
"Pacific cod","binomial","present ~ s(temp_bottom5m, k = 3) + s(oxygen_bottom5m, k = 3) +      s(pH_bottom5m, k = 3) + s(phi, k = 3) + s(X, Y, k = 20, by = cold_pool_2C)",0.375979356563444,11439.5158892845,0.811019038227919,0.226455984868983,0.212971484226302,TRUE
"Pacific cod","binomial","present ~ s(temp_bottom5m, k = 3) + s(pH_bottom5m, k = 3) + s(phi,      k = 3) + s(X, Y, k = 20, by = cold_pool_2C)",0.376034837835576,11508.8636638621,0.809324719204464,0.220224444941283,0.20793105725615,TRUE
"Pacific cod","binomial","present ~ s(temp_bottom5m, k = 3) + s(oxygen_bottom5m, k = 3) +      s(phi, k = 3) + s(X, Y, k = 20, by = cold_pool_2C)",0.376053142259535,11521.2875386488,0.80858392328803,0.219095573351256,0.207205602474638,TRUE
"Pacific cod","binomial","present ~ s(pH_bottom5m, k = 3) + s(phi, k = 3) + s(X, Y, k = 20,      by = cold_pool_0C)",0.376132167585618,11728.6941691234,0.802029517585634,0.201836025864149,0.192471593050711,TRUE
"Pacific cod","binomial","present ~ s(X, Y, k = 20, by = cold_pool_2C)",0.376166341422046,11707.4870491245,0.804874840991326,0.202676463013198,0.193659325101317,TRUE
"Pacific cod","binomial","present ~ s(phi, k = 3) + s(X, Y, k = 20, by = cold_pool_0C)",0.376233714913479,11767.1488791273,0.800728512064622,0.199065595376192,0.189674170229875,TRUE
"Pacific cod","binomial","present ~ s(oxygen_bottom5m, k = 3) + s(X, Y, k = 20, by = cold_pool_2C)",0.376498902305705,11665.5688676096,0.805141426711516,0.206064901851924,0.196828776279353,TRUE
"Pacific cod","binomial","present ~ s(temp_bottom5m, k = 3) + s(pH_bottom5m, k = 3) + s(X,      Y, k = 20, by = cold_pool_0C)",0.376636972617138,11753.1223936352,0.802077246634978,0.199843135836206,0.19104474446295,TRUE
"Pacific cod","binomial","present ~ s(oxygen_bottom5m, k = 3) + s(X, Y, k = 20, by = cold_pool_0C)",0.376660312007197,11820.1883366647,0.800802283626546,0.194649094994501,0.186143407220247,TRUE
"Pacific cod","binomial","present ~ s(pH_bottom5m, k = 3) + s(X, Y, k = 20, by = cold_pool_0C)",0.377088502396708,11809.9089926935,0.801294664464783,0.194538936080508,0.186822720104362,TRUE
"Pacific cod","binomial","present ~ s(X, Y, k = 20, by = cold_pool_0C)",0.377194136855466,11883.1405605691,0.801374347708178,0.19029006926085,0.18151877518822,TRUE
"Pacific cod","binomial","present ~ s(temp_bottom5m, k = 3) + s(X, Y, k = 20, by = cold_pool_0C)",0.37724650041063,11854.7527105848,0.801625314143642,0.193351260340371,0.183750746672269,TRUE
"Pacific cod","binomial","present ~ s(temp_bottom5m, k = 3) + s(X, Y, k = 20, by = cold_pool_2C)",0.377257914919531,11709.4818162145,0.80487032944494,0.202630766263276,0.193660856229869,TRUE
"Pacific cod","binomial","present ~ s(temp_bottom5m, k = 3) + s(oxygen_bottom5m, k = 3) +      s(pH_bottom5m, k = 3) + s(phi, k = 3) + s(X, Y, k = 20, by = cold_pool_0C)",0.377261118704196,11547.5991058096,0.806716983165647,0.219091608506216,0.205622119856884,TRUE
"Pacific cod","binomial","present ~ s(pH_bottom5m, k = 3) + s(X, Y, k = 20, by = cold_pool_2C)",0.377353600028686,11664.6791571172,0.805798494549865,0.205464495519519,0.196881392407523,TRUE
"Pacific cod","binomial","present ~ s(oxygen_bottom5m, k = 3) + s(pH_bottom5m, k = 3) +      s(phi, k = 3) + s(X, Y, k = 20, by = cold_pool_0C)",0.377419343625466,11684.8343335105,0.803660519389133,0.205914974938148,0.19591117532644,TRUE
"Pacific cod","binomial","present ~ s(temp_bottom5m, k = 3) + s(oxygen_bottom5m, k = 3) +      s(X, Y, k = 20, by = cold_pool_0C)",0.37763345644353,11802.711386142,0.801528984849792,0.196785574026673,0.187628244966895,TRUE
"Pacific cod","binomial","present ~ s(temp_bottom5m, k = 3) + s(oxygen_bottom5m, k = 3) +      s(pH_bottom5m, k = 3) + s(X, Y, k = 20, by = cold_pool_2C)",0.377644753869657,11552.0660843477,0.808105139317175,0.215358235230621,0.205125885631163,TRUE
"Pacific cod","binomial","present ~ s(temp_bottom5m, k = 3) + s(oxygen_bottom5m, k = 3) +      s(X, Y, k = 20, by = cold_pool_2C)",0.377774163085017,11654.7864671397,0.805720242555668,0.207066844181713,0.197839414603259,TRUE
"Pacific cod","binomial","present ~ s(oxygen_bottom5m, k = 3) + s(pH_bottom5m, k = 3) +      s(X, Y, k = 20, by = cold_pool_0C)",0.37821086541382,11763.649652822,0.802108329633865,0.19824536403972,0.19031679558742,TRUE
"Pacific cod","binomial","present ~ s(temp_bottom5m, k = 3) + s(pH_bottom5m, k = 3) + s(X,      Y, k = 20, by = cold_pool_2C)",0.378408689621394,11653.4952304143,0.805908327368758,0.206618609897696,0.197929529666218,TRUE
"Pacific cod","binomial","present ~ s(temp_bottom5m, k = 3) + s(oxygen_bottom5m, k = 3) +      s(pH_bottom5m, k = 3) + s(depth_m, k = 3) + s(phi, k = 3)",0.378944872908685,12163.1675879944,0.769728276717471,0.179007538933033,0.160487408590531,TRUE
"Pacific cod","binomial","present ~ s(temp_bottom5m, k = 3) + s(oxygen_bottom5m, k = 3) +      s(pH_bottom5m, k = 3) + s(X, Y, k = 20, by = cold_pool_0C)",0.379244222032877,11684.1756469495,0.803091317805897,0.205369091800699,0.195825956432431,TRUE
"Pacific cod","binomial","present ~ s(temp_bottom5m, k = 3) + s(oxygen_bottom5m, k = 3) +      s(pH_bottom5m, k = 3) + s(depth_m, k = 3)",0.379810508003197,12371.6228897223,0.76076087820953,0.163658892320872,0.146078331052578,TRUE
"Pacific cod","binomial","present ~ s(oxygen_bottom5m, k = 3) + s(pH_bottom5m, k = 3) +      s(depth_m, k = 3) + s(phi, k = 3)",0.379832420515319,12411.79661261,0.764973231284021,0.156926544976744,0.1433135274008,TRUE
"Pacific cod","binomial","present ~ s(temp_bottom5m, k = 3) + s(pH_bottom5m, k = 3) + s(depth_m,      k = 3) + s(phi, k = 3)",0.38035220142519,12276.134843918,0.766691228147469,0.166694163903556,0.152457967072871,TRUE
"Pacific cod","binomial","present ~ s(oxygen_bottom5m, k = 3) + s(depth_m, k = 3) + s(phi,      k = 3)",0.381058485454376,12487.0907247358,0.760194881379933,0.152024648835412,0.137828681651393,TRUE
"Pacific cod","binomial","present ~ s(temp_bottom5m, k = 3) + s(depth_m, k = 3) + s(phi,      k = 3)",0.381555682543017,12414.2641653604,0.75764442642315,0.158584333186354,0.142840653100156,TRUE
"Pacific cod","binomial","present ~ s(pH_bottom5m, k = 3) + s(depth_m, k = 3) + s(phi,      k = 3)",0.381929452335912,12535.1700745031,0.760639673182335,0.147655236247548,0.134489989972489,TRUE
"Pacific cod","binomial","present ~ s(oxygen_bottom5m, k = 3) + s(pH_bottom5m, k = 3) +      s(depth_m, k = 3)",0.381972338700347,12570.3200567333,0.762559273940972,0.144904709298125,0.132085263570341,TRUE
"Pacific cod","binomial","present ~ s(temp_bottom5m, k = 3) + s(oxygen_bottom5m, k = 3) +      s(depth_m, k = 3) + s(phi, k = 3)",0.382378784895718,12379.0850280874,0.760799584166103,0.159813846377704,0.145411552490918,TRUE
"Pacific cod","binomial","present ~ s(depth_m, k = 3) + s(phi, k = 3)",0.383226899744263,12636.690375263,0.756219757860016,0.1411621713233,0.127222045667511,TRUE
"Pacific cod","binomial","present ~ s(temp_bottom5m, k = 3) + s(pH_bottom5m, k = 3) + s(depth_m,      k = 3)",0.383544707776344,12588.7586725104,0.757000146485244,0.14435773792183,0.130672095543047,TRUE
"Pacific cod","binomial","present ~ s(temp_bottom5m, k = 3) + s(pH_bottom5m, k = 3) + s(phi,      k = 3)",0.383783907255378,12532.2364631476,0.752185610867736,0.148275076065993,0.134484126767935,TRUE
"Pacific cod","binomial","present ~ s(oxygen_bottom5m, k = 3) + s(depth_m, k = 3)",0.384065319213899,12699.1395674867,0.748720556559297,0.137924120573892,0.12290707421013,TRUE
"Pacific cod","binomial","present ~ s(temp_bottom5m, k = 3) + s(depth_m, k = 3)",0.384508417368021,12686.3532557367,0.739301505587037,0.140213970133945,0.123788730807336,TRUE
"Pacific cod","binomial","present ~ s(temp_bottom5m, k = 3) + s(oxygen_bottom5m, k = 3) +      s(pH_bottom5m, k = 3) + s(phi, k = 3)",0.384609078381226,12448.5633574635,0.755156386377047,0.156590478812659,0.140577913309077,TRUE
"Pacific cod","binomial","present ~ s(temp_bottom5m, k = 3) + s(oxygen_bottom5m, k = 3) +      s(depth_m, k = 3)",0.384911696657879,12640.3730451645,0.751191390500911,0.142682142847305,0.12723632746457,TRUE
"Pacific cod","binomial","present ~ s(pH_bottom5m, k = 3) + s(depth_m, k = 3)",0.385305024824324,12748.3079313144,0.762522854871705,0.130452916829091,0.119371158838593,TRUE
"Pacific cod","binomial","present ~ s(depth_m, k = 3)",0.387024738849724,12886.6286143751,0.74128322567228,0.123759045015826,0.109671895910386,TRUE
"Pacific cod","binomial","present ~ s(temp_bottom5m, k = 3) + s(oxygen_bottom5m, k = 3) +      s(phi, k = 3)",0.388482793035178,12716.0309273163,0.741535063302907,0.135688024169516,0.121736993790484,TRUE
"Pacific cod","binomial","present ~ s(oxygen_bottom5m, k = 3) + s(pH_bottom5m, k = 3) +      s(phi, k = 3)",0.390677207921953,12999.1044570136,0.729053761329115,0.113928213084228,0.102423758180739,TRUE
"Pacific cod","binomial","present ~ s(temp_bottom5m, k = 3) + s(phi, k = 3)",0.391656517608106,12908.1818772757,0.72900964151688,0.120896088641056,0.108431019017851,TRUE
"Pacific cod","binomial","present ~ s(oxygen_bottom5m, k = 3) + s(phi, k = 3)",0.393272513955385,13243.0197449415,0.717198257510107,0.0999564020912564,0.085171908439125,TRUE
"Pacific cod","binomial","present ~ s(temp_bottom5m, k = 3) + s(pH_bottom5m, k = 3)",0.393704100069194,13146.4834312283,0.715388318442741,0.102801159048846,0.0919424974961645,TRUE
"Pacific cod","binomial","present ~ s(temp_bottom5m, k = 3) + s(oxygen_bottom5m, k = 3) +      s(pH_bottom5m, k = 3)",0.39479260747548,13018.5093437111,0.720067787695712,0.113497739087611,0.100959447267018,TRUE
"Pacific cod","binomial","present ~ s(pH_bottom5m, k = 3) + s(phi, k = 3)",0.395261348182499,13298.5743016068,0.702903578359462,0.090018346246776,0.0814661114881832,TRUE
"Pacific cod","binomial","present ~ s(oxygen_bottom5m, k = 3) + s(pH_bottom5m, k = 3)",0.396792444693057,13322.5973709134,0.704589481015351,0.0909349107653344,0.0798127927336578,TRUE
"Pacific cod","binomial","present ~ s(oxygen_bottom5m, k = 3)",0.397428115350523,13489.541411485,0.699587934021652,0.0817209681924952,0.0679967606682252,TRUE
"Pacific cod","binomial","present ~ s(temp_bottom5m, k = 3) + s(oxygen_bottom5m, k = 3)",0.397887055480535,13357.7068925979,0.699751796497771,0.0900752109410109,0.0773638593913569,TRUE
"Pacific cod","binomial","present ~ s(pH_bottom5m, k = 3)",0.400199370810207,13602.6732050351,0.672496860274857,0.0679676073063271,0.0601760787027144,TRUE
"Pacific cod","binomial","present ~ s(phi, k = 3)",0.404636993908973,13822.4770837162,0.652588137259038,0.0492482116111682,0.0449830523731629,TRUE
"Pacific cod","binomial","present ~ s(temp_bottom5m, k = 3)",0.412326318333279,14130.8485757299,0.624022534583025,0.0263831992009484,0.0235497289876403,TRUE
"Pacific cod","binomial","present ~ 1",0.415641272610572,14469.292178007,0.5,0,-4.65205285848234e-15,TRUE
"Pacific cod","lognormal","log_cpue ~ 1 + s(temp_bottom5m, k = 3) + s(pH_bottom5m, k = 3) +      s(phi, k = 3) + s(X, Y, k = 20, by = cold_pool_0C)",1.69923516444111,40196.4407627466,NA,0.214707921692023,0.216603444212572,TRUE
"Pacific cod","lognormal","log_cpue ~ 1 + s(temp_bottom5m, k = 3) + s(oxygen_bottom5m, k = 3) +      s(pH_bottom5m, k = 3) + s(phi, k = 3) + s(X, Y, k = 20, by = cold_pool_0C)",1.69939981538185,40159.9647713247,NA,0.217554993870227,0.219580147665442,TRUE
"Pacific cod","lognormal","log_cpue ~ 1 + s(temp_bottom5m, k = 3) + s(depth_m, k = 3) +      s(phi, k = 3) + s(X, Y, k = 20, by = cold_pool_0C)",1.69945361525442,40160.0626382676,NA,0.217353465374969,0.219184329819066,TRUE
"Pacific cod","lognormal","log_cpue ~ 1 + s(temp_bottom5m, k = 3) + s(oxygen_bottom5m, k = 3) +      s(pH_bottom5m, k = 3) + s(depth_m, k = 3) + s(phi, k = 3) +      s(X, Y, k = 20, by = cold_pool_0C)",1.69992745360697,40032.7546150962,NA,0.227034878639009,0.229135953253554,TRUE
"Pacific cod","lognormal","log_cpue ~ 1 + s(temp_bottom5m, k = 3) + s(oxygen_bottom5m, k = 3) +      s(pH_bottom5m, k = 3) + s(depth_m, k = 3) + s(phi, k = 3) +      s(X, Y, k = 20, by = cold_pool_2C)",1.70172906578505,39981.9276045546,NA,0.230781920003141,0.232904261574226,TRUE
"Pacific cod","lognormal","log_cpue ~ 1 + s(temp_bottom5m, k = 3) + s(pH_bottom5m, k = 3) +      s(depth_m, k = 3) + s(phi, k = 3) + s(X, Y, k = 20, by = cold_pool_0C)",1.70375707785638,40104.8953820748,NA,0.221605593916048,0.223596424654828,TRUE
"Pacific cod","lognormal","log_cpue ~ 1 + s(temp_bottom5m, k = 3) + s(oxygen_bottom5m, k = 3) +      s(depth_m, k = 3) + s(phi, k = 3) + s(X, Y, k = 20, by = cold_pool_0C)",1.70388912951296,40161.9928455794,NA,0.217302435981444,0.219225856464212,TRUE
"Pacific cod","lognormal","log_cpue ~ 1 + s(temp_bottom5m, k = 3) + s(oxygen_bottom5m, k = 3) +      s(pH_bottom5m, k = 3) + s(phi, k = 3) + s(X, Y, k = 20, by = cold_pool_2C)",1.7048618116226,40093.9912277885,NA,0.222435163105073,0.224449250014738,TRUE
"Pacific cod","lognormal","log_cpue ~ 1 + s(oxygen_bottom5m, k = 3) + s(pH_bottom5m, k = 3) +      s(depth_m, k = 3) + s(phi, k = 3) + s(X, Y, k = 20, by = cold_pool_0C)",1.70503442939752,40216.940397262,NA,0.213301058729173,0.215321099393961,TRUE
"Pacific cod","lognormal","log_cpue ~ 1 + s(temp_bottom5m, k = 3) + s(oxygen_bottom5m, k = 3) +      s(pH_bottom5m, k = 3) + s(depth_m, k = 3) + s(X, Y, k = 20,      by = cold_pool_0C)",1.70547825127205,40061.3333527944,NA,0.224861283511626,0.226891558069712,TRUE
"Pacific cod","lognormal","log_cpue ~ 1 + s(temp_bottom5m, k = 3) + s(phi, k = 3) + s(X,      Y, k = 20, by = cold_pool_0C)",1.70681326034475,40329.6519485036,NA,0.204561873084295,0.206315783203052,TRUE
"Pacific cod","lognormal","log_cpue ~ 1 + s(temp_bottom5m, k = 3) + s(depth_m, k = 3) +      s(X, Y, k = 20, by = cold_pool_0C)",1.70720585549554,40193.4246659349,NA,0.214794627054261,0.216551770810336,TRUE
"Pacific cod","lognormal","log_cpue ~ 1 + s(temp_bottom5m, k = 3) + s(pH_bottom5m, k = 3) +      s(phi, k = 3) + s(X, Y, k = 20, by = cold_pool_2C)",1.70814163565578,40156.5261529347,NA,0.217673252174213,0.219560943094267,TRUE
"Pacific cod","lognormal","log_cpue ~ 1 + s(temp_bottom5m, k = 3) + s(oxygen_bottom5m, k = 3) +      s(pH_bottom5m, k = 3) + s(depth_m, k = 3) + s(X, Y, k = 20,      by = cold_pool_2C)",1.70864006450792,40016.0842322634,NA,0.228168002413779,0.230178211926679,TRUE
"Pacific cod","lognormal","log_cpue ~ 1 + s(temp_bottom5m, k = 3) + s(oxygen_bottom5m, k = 3) +      s(depth_m, k = 3) + s(X, Y, k = 20, by = cold_pool_0C)",1.70929615854251,40192.9485910716,NA,0.214965503169083,0.216858032244549,TRUE
"Pacific cod","lognormal","log_cpue ~ 1 + s(depth_m, k = 3) + s(phi, k = 3) + s(X, Y, k = 20,      by = cold_pool_0C)",1.71057389673729,40329.5723799129,NA,0.204533849190583,0.206253715032122,TRUE
"Pacific cod","lognormal","log_cpue ~ 1 + s(oxygen_bottom5m, k = 3) + s(depth_m, k = 3) +      s(phi, k = 3) + s(X, Y, k = 20, by = cold_pool_0C)",1.71095788338508,40306.2437135093,NA,0.206488036529184,0.208400967323188,TRUE
"Pacific cod","lognormal","log_cpue ~ 1 + s(pH_bottom5m, k = 3) + s(depth_m, k = 3) + s(phi,      k = 3) + s(X, Y, k = 20, by = cold_pool_0C)",1.71097249801874,40271.1786452272,NA,0.209103814907654,0.210992653313256,TRUE
"Pacific cod","lognormal","log_cpue ~ 1 + s(temp_bottom5m, k = 3) + s(oxygen_bottom5m, k = 3) +      s(pH_bottom5m, k = 3) + s(X, Y, k = 20, by = cold_pool_0C)",1.71100497590415,40260.4659731995,NA,0.209938246900941,0.211856770685074,TRUE
"Pacific cod","lognormal","log_cpue ~ 1 + s(temp_bottom5m, k = 3) + s(pH_bottom5m, k = 3) +      s(depth_m, k = 3) + s(phi, k = 3) + s(X, Y, k = 20, by = cold_pool_2C)",1.71202661419585,40074.9642824328,NA,0.22383249957287,0.225838951009453,TRUE
"Pacific cod","lognormal","log_cpue ~ 1 + s(oxygen_bottom5m, k = 3) + s(pH_bottom5m, k = 3) +      s(depth_m, k = 3) + s(phi, k = 3) + s(X, Y, k = 20, by = cold_pool_2C)",1.71234231369385,40149.7046413427,NA,0.218333642789499,0.220374759316555,TRUE
"Pacific cod","lognormal","log_cpue ~ 1 + s(temp_bottom5m, k = 3) + s(pH_bottom5m, k = 3) +      s(X, Y, k = 20, by = cold_pool_0C)",1.71260918767857,40306.5342094668,NA,0.206325421850899,0.20809761622957,TRUE
"Pacific cod","lognormal","log_cpue ~ 1 + s(temp_bottom5m, k = 3) + s(depth_m, k = 3) +      s(phi, k = 3) + s(X, Y, k = 20, by = cold_pool_2C)",1.71268930057474,40128.0848458604,NA,0.219763530532512,0.221629812718379,TRUE
"Pacific cod","lognormal","log_cpue ~ 1 + s(temp_bottom5m, k = 3) + s(oxygen_bottom5m, k = 3) +      s(depth_m, k = 3) + s(phi, k = 3) + s(X, Y, k = 20, by = cold_pool_2C)",1.71332607408802,40110.7979424922,NA,0.221200851896598,0.223223765291842,TRUE
"Pacific cod","lognormal","log_cpue ~ 1 + s(temp_bottom5m, k = 3) + s(pH_bottom5m, k = 3) +      s(depth_m, k = 3) + s(X, Y, k = 20, by = cold_pool_0C)",1.7136736933067,40151.4491245763,NA,0.218053426761747,0.219943920920723,TRUE
"Pacific cod","lognormal","log_cpue ~ 1 + s(temp_bottom5m, k = 3) + s(phi, k = 3) + s(X,      Y, k = 20, by = cold_pool_2C)",1.71427509363659,40276.7707638952,NA,0.208500879114244,0.21020715852189,TRUE
"Pacific cod","lognormal","log_cpue ~ 1 + s(oxygen_bottom5m, k = 3) + s(pH_bottom5m, k = 3) +      s(depth_m, k = 3) + s(X, Y, k = 20, by = cold_pool_0C)",1.71682566032486,40276.9122477019,NA,0.208710294426049,0.210636672995124,TRUE
"Pacific cod","lognormal","log_cpue ~ 1 + s(temp_bottom5m, k = 3) + s(oxygen_bottom5m, k = 3) +      s(phi, k = 3) + s(X, Y, k = 20, by = cold_pool_0C)",1.71730161230002,40306.1980555163,NA,0.206474797266878,0.208371042365381,TRUE
"Pacific cod","lognormal","log_cpue ~ 1 + s(oxygen_bottom5m, k = 3) + s(pH_bottom5m, k = 3) +      s(phi, k = 3) + s(X, Y, k = 20, by = cold_pool_2C)",1.71784414930323,40250.9388148634,NA,0.210653563075196,0.212572394441644,TRUE
"Pacific cod","lognormal","log_cpue ~ 1 + s(temp_bottom5m, k = 3) + s(oxygen_bottom5m, k = 3) +      s(phi, k = 3) + s(X, Y, k = 20, by = cold_pool_2C)",1.71847448299041,40233.6319205574,NA,0.211936173139792,0.213840388526122,TRUE
"Pacific cod","lognormal","log_cpue ~ 1 + s(temp_bottom5m, k = 3) + s(oxygen_bottom5m, k = 3) +      s(pH_bottom5m, k = 3) + s(X, Y, k = 20, by = cold_pool_2C)",1.71888554631913,40219.0900100119,NA,0.213035670258633,0.214951053209878,TRUE
"Pacific cod","lognormal","log_cpue ~ 1 + s(oxygen_bottom5m, k = 3) + s(depth_m, k = 3) +      s(phi, k = 3) + s(X, Y, k = 20, by = cold_pool_2C)",1.7192473215178,40238.2574436586,NA,0.211600041324752,0.213514620635778,TRUE
"Pacific cod","lognormal","log_cpue ~ 1 + s(pH_bottom5m, k = 3) + s(phi, k = 3) + s(X, Y,      k = 20, by = cold_pool_0C)",1.71936158267529,40412.7817359423,NA,0.198289130532087,0.200077870900388,TRUE
"Pacific cod","lognormal","log_cpue ~ 1 + s(temp_bottom5m, k = 3) + s(X, Y, k = 20, by = cold_pool_0C)",1.7194375597069,40442.7899089238,NA,0.195855533791915,0.197499791050207,TRUE
"Pacific cod","lognormal","log_cpue ~ 1 + s(temp_bottom5m, k = 3) + s(depth_m, k = 3) +      s(X, Y, k = 20, by = cold_pool_2C)",1.71997485839904,40160.1671420396,NA,0.217261136789664,0.219007427856365,TRUE
"Pacific cod","lognormal","log_cpue ~ 1 + s(oxygen_bottom5m, k = 3) + s(pH_bottom5m, k = 3) +      s(phi, k = 3) + s(X, Y, k = 20, by = cold_pool_0C)",1.72001481799942,40369.2354495151,NA,0.201746698686126,0.203682714272118,TRUE
"Pacific cod","lognormal","log_cpue ~ 1 + s(temp_bottom5m, k = 3) + s(oxygen_bottom5m, k = 3) +      s(depth_m, k = 3) + s(X, Y, k = 20, by = cold_pool_2C)",1.72006105175726,40142.8131934555,NA,0.218700939840684,0.220597462772146,TRUE
"Pacific cod","lognormal","log_cpue ~ 1 + s(pH_bottom5m, k = 3) + s(phi, k = 3) + s(X, Y,      k = 20, by = cold_pool_2C)",1.72064475349892,40330.7089246975,NA,0.204497703366726,0.206267334559379,TRUE
"Pacific cod","lognormal","log_cpue ~ 1 + s(temp_bottom5m, k = 3) + s(pH_bottom5m, k = 3) +      s(depth_m, k = 3) + s(X, Y, k = 20, by = cold_pool_2C)",1.72111166768177,40123.1640272506,NA,0.220129889627565,0.221997752469297,TRUE
"Pacific cod","lognormal","log_cpue ~ 1 + s(pH_bottom5m, k = 3) + s(depth_m, k = 3) + s(phi,      k = 3) + s(X, Y, k = 20, by = cold_pool_2C)",1.72137247226184,40238.7695025249,NA,0.211541621230531,0.213436143587478,TRUE
"Pacific cod","lognormal","log_cpue ~ 1 + s(temp_bottom5m, k = 3) + s(pH_bottom5m, k = 3) +      s(X, Y, k = 20, by = cold_pool_2C)",1.72184987809163,40286.8544242364,NA,0.207805298684516,0.20957465977114,TRUE
"Pacific cod","lognormal","log_cpue ~ 1 + s(depth_m, k = 3) + s(phi, k = 3) + s(X, Y, k = 20,      by = cold_pool_2C)",1.72340558289162,40306.1391864055,NA,0.206322006741123,0.208060990413306,TRUE
"Pacific cod","lognormal","log_cpue ~ 1 + s(phi, k = 3) + s(X, Y, k = 20, by = cold_pool_0C)",1.72362995980917,40536.4848426192,NA,0.188668289580344,0.190314779800747,TRUE
"Pacific cod","lognormal","log_cpue ~ 1 + s(phi, k = 3) + s(X, Y, k = 20, by = cold_pool_2C)",1.7247320745284,40453.5496006892,NA,0.194977562317345,0.196566216502272,TRUE
"Pacific cod","lognormal","log_cpue ~ 1 + s(oxygen_bottom5m, k = 3) + s(pH_bottom5m, k = 3) +      s(depth_m, k = 3) + s(X, Y, k = 20, by = cold_pool_2C)",1.72524334934764,40209.9819257175,NA,0.213714726549022,0.215628270640244,TRUE
"Pacific cod","lognormal","log_cpue ~ 1 + s(oxygen_bottom5m, k = 3) + s(phi, k = 3) + s(X,      Y, k = 20, by = cold_pool_2C)",1.72524932078503,40357.1566360368,NA,0.20251584061238,0.204305174027989,TRUE
"Pacific cod","lognormal","log_cpue ~ 1 + s(oxygen_bottom5m, k = 3) + s(depth_m, k = 3) +      s(X, Y, k = 20, by = cold_pool_0C)",1.72622043680394,40370.1184923984,NA,0.201533741155488,0.203323761715771,TRUE
"Pacific cod","lognormal","log_cpue ~ 1 + s(depth_m, k = 3) + s(X, Y, k = 20, by = cold_pool_0C)",1.72658864895637,40389.6629828916,NA,0.199902238486548,0.201544903432453,TRUE
"Pacific cod","lognormal","log_cpue ~ 1 + s(temp_bottom5m, k = 3) + s(X, Y, k = 20, by = cold_pool_2C)",1.72763271251682,40405.529524953,NA,0.198696400844338,0.20034013159339,TRUE
"Pacific cod","lognormal","log_cpue ~ 1 + s(temp_bottom5m, k = 3) + s(oxygen_bottom5m, k = 3) +      s(X, Y, k = 20, by = cold_pool_0C)",1.72839560292809,40404.9304866682,NA,0.198813005192609,0.200527755051626,TRUE
"Pacific cod","lognormal","log_cpue ~ 1 + s(pH_bottom5m, k = 3) + s(depth_m, k = 3) + s(X,      Y, k = 20, by = cold_pool_0C)",1.72871092861526,40346.3976894714,NA,0.203315701420168,0.205090050700079,TRUE
"Pacific cod","lognormal","log_cpue ~ 1 + s(oxygen_bottom5m, k = 3) + s(pH_bottom5m, k = 3) +      s(X, Y, k = 20, by = cold_pool_2C)",1.72949654070313,40365.7566611479,NA,0.201866504788882,0.20365843425877,TRUE
"Pacific cod","lognormal","log_cpue ~ 1 + s(oxygen_bottom5m, k = 3) + s(phi, k = 3) + s(X,      Y, k = 20, by = cold_pool_0C)",1.72973123442468,40483.4585255276,NA,0.192830054136719,0.194561624522847,TRUE
"Pacific cod","lognormal","log_cpue ~ 1 + s(temp_bottom5m, k = 3) + s(oxygen_bottom5m, k = 3) +      s(pH_bottom5m, k = 3) + s(depth_m, k = 3) + s(phi, k = 3)",1.7298294721669,41045.3893541991,NA,0.147541404798464,0.148245795622255,TRUE
"Pacific cod","lognormal","log_cpue ~ 1 + s(oxygen_bottom5m, k = 3) + s(pH_bottom5m, k = 3) +      s(X, Y, k = 20, by = cold_pool_0C)",1.73035351602687,40455.9043399908,NA,0.195012907448858,0.196817037897765,TRUE
"Pacific cod","lognormal","log_cpue ~ 1 + s(temp_bottom5m, k = 3) + s(oxygen_bottom5m, k = 3) +      s(X, Y, k = 20, by = cold_pool_2C)",1.73077731025405,40346.9900278484,NA,0.203282395897014,0.205068281819668,TRUE
"Pacific cod","lognormal","log_cpue ~ 1 + s(temp_bottom5m, k = 3) + s(pH_bottom5m, k = 3) +      s(depth_m, k = 3) + s(phi, k = 3)",1.73145603345414,41095.6104535125,NA,0.143331487383923,0.143897695807483,TRUE
"Pacific cod","lognormal","log_cpue ~ 1 + s(oxygen_bottom5m, k = 3) + s(depth_m, k = 3) +      s(X, Y, k = 20, by = cold_pool_2C)",1.73302551456671,40294.6959225548,NA,0.207226010151001,0.209006545680636,TRUE
"Pacific cod","lognormal","log_cpue ~ 1 + s(pH_bottom5m, k = 3) + s(X, Y, k = 20, by = cold_pool_0C)",1.73304011776147,40496.5777238046,NA,0.191743153279931,0.193394513037347,TRUE
"Pacific cod","lognormal","log_cpue ~ 1 + s(pH_bottom5m, k = 3) + s(X, Y, k = 20, by = cold_pool_2C)",1.73414917002688,40427.7115375693,NA,0.197001888350931,0.198641447223037,TRUE
"Pacific cod","lognormal","log_cpue ~ 1 + s(oxygen_bottom5m, k = 3) + s(pH_bottom5m, k = 3) +      s(depth_m, k = 3) + s(phi, k = 3)",1.73482945656743,41270.3503910046,NA,0.129020341847792,0.129594779802636,TRUE
"Pacific cod","lognormal","log_cpue ~ 1 + s(pH_bottom5m, k = 3) + s(depth_m, k = 3) + s(X,      Y, k = 20, by = cold_pool_2C)",1.73565356335231,40301.7030047115,NA,0.20668020079378,0.208442924533351,TRUE
"Pacific cod","lognormal","log_cpue ~ 1 + s(temp_bottom5m, k = 3) + s(oxygen_bottom5m, k = 3) +      s(pH_bottom5m, k = 3) + s(depth_m, k = 3)",1.7358076614987,41269.7079953122,NA,0.129156936773829,0.12981490771969,TRUE
"Pacific cod","lognormal","log_cpue ~ 1 + s(X, Y, k = 20, by = cold_pool_0C)",1.73730869876726,40631.1662758432,NA,0.181214418789006,0.182737352658479,TRUE
"Pacific cod","lognormal","log_cpue ~ 1 + s(depth_m, k = 3) + s(X, Y, k = 20, by = cold_pool_2C)",1.7373212862654,40350.7619862292,NA,0.202847284202696,0.20448362386393,TRUE
"Pacific cod","lognormal","log_cpue ~ 1 + s(pH_bottom5m, k = 3) + s(depth_m, k = 3) + s(phi,      k = 3)",1.73759885661848,41301.5786316362,NA,0.126338689985093,0.126815589709959,TRUE
"Pacific cod","lognormal","log_cpue ~ 1 + s(temp_bottom5m, k = 3) + s(pH_bottom5m, k = 3) +      s(phi, k = 3)",1.73957978176626,41305.2525582008,NA,0.126010954097407,0.126464633670976,TRUE
"Pacific cod","lognormal","log_cpue ~ 1 + s(X, Y, k = 20, by = cold_pool_2C)",1.74008144891771,40565.475430452,NA,0.186302710197754,0.187821093286173,TRUE
"Pacific cod","lognormal","log_cpue ~ 1 + s(temp_bottom5m, k = 3) + s(oxygen_bottom5m, k = 3) +      s(pH_bottom5m, k = 3) + s(phi, k = 3)",1.74063151669612,41232.2426376442,NA,0.132133444703229,0.132677915640861,TRUE
"Pacific cod","lognormal","log_cpue ~ 1 + s(oxygen_bottom5m, k = 3) + s(X, Y, k = 20, by = cold_pool_2C)",1.74141427658719,40473.1703905325,NA,0.193543624776662,0.195200162755557,TRUE
"Pacific cod","lognormal","log_cpue ~ 1 + s(oxygen_bottom5m, k = 3) + s(X, Y, k = 20, by = cold_pool_0C)",1.74304094768602,40570.4691149336,NA,0.186034026828781,0.187669784297914,TRUE
"Pacific cod","lognormal","log_cpue ~ 1 + s(temp_bottom5m, k = 3) + s(pH_bottom5m, k = 3) +      s(depth_m, k = 3)",1.74342228618163,41403.5766987642,NA,0.117867320728876,0.118366681539178,TRUE
"Pacific cod","lognormal","log_cpue ~ 1 + s(pH_bottom5m, k = 3) + s(phi, k = 3)",1.75094033907784,41777.0856460906,NA,0.0858791518832971,0.0862046195464905,TRUE
"Pacific cod","lognormal","log_cpue ~ 1 + s(oxygen_bottom5m, k = 3) + s(pH_bottom5m, k = 3) +      s(phi, k = 3)",1.75334952050501,41746.6009307879,NA,0.0886234610845089,0.0890542373552309,TRUE
"Pacific cod","lognormal","log_cpue ~ 1 + s(temp_bottom5m, k = 3) + s(oxygen_bottom5m, k = 3) +      s(depth_m, k = 3) + s(phi, k = 3)",1.75401040864088,41277.5183940068,NA,0.128428873051907,0.129004317258914,TRUE
"Pacific cod","lognormal","log_cpue ~ 1 + s(oxygen_bottom5m, k = 3) + s(depth_m, k = 3) +      s(phi, k = 3)",1.75549191334133,41471.8806897095,NA,0.112110920565578,0.112587940547752,TRUE
"Pacific cod","lognormal","log_cpue ~ 1 + s(temp_bottom5m, k = 3) + s(depth_m, k = 3) +      s(phi, k = 3)",1.75646057561342,41338.6350852718,NA,0.123200474623537,0.123615505266539,TRUE
"Pacific cod","lognormal","log_cpue ~ 1 + s(oxygen_bottom5m, k = 3) + s(pH_bottom5m, k = 3) +      s(depth_m, k = 3)",1.75745386146768,41686.1120112468,NA,0.0939208563807392,0.0944351273108339,TRUE
"Pacific cod","lognormal","log_cpue ~ 1 + s(depth_m, k = 3) + s(phi, k = 3)",1.75920665639722,41559.6857069501,NA,0.104462617811351,0.104717208254989,TRUE
"Pacific cod","lognormal","log_cpue ~ 1 + s(temp_bottom5m, k = 3) + s(pH_bottom5m, k = 3)",1.76083102168012,41633.4668553745,NA,0.098261815701124,0.0986034712483774,TRUE
"Pacific cod","lognormal","log_cpue ~ 1 + s(temp_bottom5m, k = 3) + s(depth_m, k = 3)",1.76588231406963,41624.67963085,NA,0.099012583075332,0.0993538230720855,TRUE
"Pacific cod","lognormal","log_cpue ~ 1 + s(temp_bottom5m, k = 3) + s(oxygen_bottom5m, k = 3) +      s(pH_bottom5m, k = 3)",1.76806089716378,41557.8429587588,NA,0.104867035262039,0.105369608058597,TRUE
"Pacific cod","lognormal","log_cpue ~ 1 + s(temp_bottom5m, k = 3) + s(oxygen_bottom5m, k = 3) +      s(depth_m, k = 3)",1.76877000165512,41609.2985825773,NA,0.100410615786868,0.100836548916207,TRUE
"Pacific cod","lognormal","log_cpue ~ 1 + s(pH_bottom5m, k = 3) + s(depth_m, k = 3)",1.77614758628236,41899.9902645376,NA,0.075183622482504,0.0755309518061977,TRUE
"Pacific cod","lognormal","log_cpue ~ 1 + s(oxygen_bottom5m, k = 3) + s(pH_bottom5m, k = 3)",1.77911914424389,42068.1929283758,NA,0.0603199790564425,0.0606749557622917,TRUE
"Pacific cod","lognormal","log_cpue ~ 1 + s(temp_bottom5m, k = 3) + s(oxygen_bottom5m, k = 3) +      s(phi, k = 3)",1.77940613799215,41562.5230927361,NA,0.104465776789741,0.104964570857434,TRUE
"Pacific cod","lognormal","log_cpue ~ 1 + s(pH_bottom5m, k = 3)",1.78497622497343,42186.4062102649,NA,0.0495506319428495,0.0497306199883691,TRUE
"Pacific cod","lognormal","log_cpue ~ 1 + s(oxygen_bottom5m, k = 3) + s(phi, k = 3)",1.79406703730836,42167.8108553108,NA,0.0513982941120877,0.0517515634128187,TRUE
"Pacific cod","lognormal","log_cpue ~ 1 + s(oxygen_bottom5m, k = 3) + s(depth_m, k = 3)",1.79739285688138,42125.2487369041,NA,0.0552104894284863,0.0555545498519994,TRUE
"Pacific cod","lognormal","log_cpue ~ 1 + s(depth_m, k = 3)",1.79766778648979,42145.8025555568,NA,0.0532023082474213,0.0533816376128083,TRUE
"Pacific cod","lognormal","log_cpue ~ 1 + s(temp_bottom5m, k = 3) + s(phi, k = 3)",1.79801602972352,41878.3037783896,NA,0.0770703670655181,0.0774042737009617,TRUE
"Pacific cod","lognormal","log_cpue ~ 1 + s(phi, k = 3)",1.80908825797451,42416.7626378748,NA,0.0285561387097666,0.0287306592289431,TRUE
"Pacific cod","lognormal","log_cpue ~ 1 + s(temp_bottom5m, k = 3) + s(oxygen_bottom5m, k = 3)",1.80976740669007,42018.64298171,NA,0.0647243500448713,0.0650781752881402,TRUE
"Pacific cod","lognormal","log_cpue ~ 1 + s(temp_bottom5m, k = 3)",1.82150551235381,42238.6469328467,NA,0.0448317087229342,0.0450126016053257,TRUE
"Pacific cod","lognormal","log_cpue ~ 1 + s(oxygen_bottom5m, k = 3)",1.8288732676793,42569.5419947292,NA,0.0143916662903805,0.0145772451609254,TRUE
"Pacific cod","lognormal","log_cpue ~ 1",1.83283960850803,42720.4627317064,NA,0,0,TRUE
